<Command name="schRTLInfo"  delimiter="."  >
<RTLBlock >
<RTLInfo   name="state_0"  type="2"  fileName="../bfm/tx.v"  >
    <Seg beginLine="112"  endLine="117"  />
  </RTLInfo>
<Instance name="tb_top.TX"  />
</RTLBlock>
<RTLBlock >
<RTLInfo   name="state_1"  type="2"  fileName="../rtl/sha2_msg.v"  >
    <Seg beginLine="50"  endLine="64"  />
  </RTLInfo>
<Instance name="tb_top.SHA2_MSG"  />
</RTLBlock>
<RTLBlock >
<RTLInfo   name="state_2"  type="2"  fileName="../bfm/rx.v"  >
    <Seg beginLine="94"  endLine="99"  />
  </RTLInfo>
<Instance name="tb_top.RX"  />
</RTLBlock>
<RTLBlock >
<RTLInfo   name="state_3"  type="2"  fileName="../bfm/chkr.v"  >
    <Seg beginLine="159"  endLine="162"  />
  </RTLInfo>
<Instance name="tb_top.CHKR"  />
</RTLBlock>
</Command>
